{"cameraMode":{"drawMode":0,"name":"Shaded","section":"Shading Mode"},"sceneLighting":false,"audioPlay":false,"sceneViewState":{"showFog":false,"showMaterialUpdate":false,"showSkybox":false,"showFlares":false,"showImageEffects":false,"showParticleSystems":true},"in2DMode":false,"pivot":{"x":8.862613677978516,"y":18.940776824951173,"z":-7.3916120529174809},"rotation":{"x":0.03748571127653122,"y":0.018587879836559297,"z":-0.0006973117706365883,"w":0.9991240501403809},"size":22.0,"orthographic":false}